"TIME_IN","COUNTRY","CITY","ADDRESS_CLEAN","LAT","LNG"
"2015-05-11 13:19:11","美国","加利福尼亚","美国%20加利福尼亚",40.6835116151438,122.261387331503
"2015-05-11 14:48:50","中国","深圳市","中国%20深圳市",22.5460535462052,114.025973657322
"2015-05-11 14:59:59","中国","深圳市","中国%20深圳市",22.5460535462052,114.025973657322
"2015-05-11 16:22:41","中国","苏州市","中国%20苏州市",31.3179873679524,120.61990711549
"2015-05-11 17:19:52","中国","南京市","中国%20南京市",32.0572355018059,118.778074408026
"2015-05-11 17:40:49","中国","上海市","中国%20上海市",31.2491617100151,121.487899485695
"2015-05-11 17:58:12","中国","上海市","中国%20上海市",31.2491617100151,121.487899485695
"2015-05-11 20:24:30","中国","北京市","中国%20北京市",39.9299857780802,116.395645037879
"2015-05-11 20:49:25","中国","北京市","中国%20北京市",39.9299857780802,116.395645037879
"2015-05-12 02:40:24","刚果","布拉柴维尔","刚果%20布拉柴维尔",28.0658763553228,102.551075228833
"2015-05-12 08:59:13","中国","北京市","中国%20北京市",39.9299857780802,116.395645037879
"2015-05-12 09:51:31","中国","北京市","中国%20北京市",39.9299857780802,116.395645037879
"2015-05-12 16:57:45","东京","川崎市","东京%20川崎市",22.7675764381279,113.68119483999
"2015-05-12 18:18:17","中国","南阳市","中国%20南阳市",33.0114195691165,112.542841900512
"2015-05-12 22:01:36","中国","上海市","中国%20上海市",31.2491617100151,121.487899485695
"2015-05-12 23:22:09","中国","沈阳市","中国%20沈阳市",41.8086447835157,123.432790921605
"2015-05-13 07:08:01","中国","杭州市","中国%20杭州市",30.2592444615361,120.21937541572
"2015-05-13 13:05:36","中国","苏州市","中国%20苏州市",31.3179873679524,120.61990711549
"2015-05-13 22:30:29","加拿大","多伦多市","加拿大%20多伦多市",34.5977406960455,119.186961516835
"2015-05-14 18:11:51","中国","宜昌市","中国%20宜昌市",30.7327578180259,111.310981091961
"2015-05-14 19:32:18","中国","广州市","中国%20广州市",23.1200491020762,113.307649675152
"2015-05-15 17:43:37","中国","河南市","中国%20河南市",34.5113897378692,101.556307295327
"2015-05-15 20:56:55","中国","北京市","中国%20北京市",39.9299857780802,116.395645037879
"2015-05-18 07:22:36","中国","广州市","中国%20广州市",23.1200491020762,113.307649675152
"2015-05-18 08:21:39","美国","夏洛茨维尔市","美国%20夏洛茨维尔市",32.2016706654034,103.203093223715
"2015-05-18 10:33:15","中国","新疆市","中国%20新疆市",36.0645697330627,103.849930865706
"2015-05-18 10:50:26","中国","北京市","中国%20北京市",39.9299857780802,116.395645037879
"2015-05-18 11:40:13","中国","上海市","中国%20上海市",31.2491617100151,121.487899485695
"2015-05-18 19:31:19","中国","宁波市","中国%20宁波市",29.8852589659181,121.579005972589
"2015-05-19 12:57:25","中国","北京市","中国%20北京市",39.9299857780802,116.395645037879
"2015-05-20 10:28:26","中国","山西市","中国%20山西市",37.8665659905093,112.515495863839
"2015-05-20 16:22:39","中国","天津市","中国%20天津市",39.1439299033101,117.210813091553
"2015-05-21 11:23:01","美国","洛杉矶","美国%20洛杉矶",40.6835116151438,122.261387331503
"2015-05-24 15:38:38","中国","北京市","中国%20北京市",39.9299857780802,116.395645037879
"2015-05-24 17:15:04","中国","杭州市","中国%20杭州市",30.2592444615361,120.21937541572
"2015-05-26 16:57:47","中国","北京市","中国%20北京市",39.9299857780802,116.395645037879
"2015-05-27 10:56:44","中国","上海市","中国%20上海市",31.2491617100151,121.487899485695
"2015-05-29 12:29:48","中国","太原市","中国%20太原市",37.8902770539675,112.550863589055
"2015-05-31 23:02:38","中国","成都市","中国%20成都市",30.6799428454196,104.067923463304
"2015-06-02 07:31:22","中国","杭州市","中国%20杭州市",30.2592444615361,120.21937541572
"2015-06-02 12:59:15","中国","深圳市","中国%20深圳市",22.5460535462052,114.025973657322
"2015-06-03 09:58:19","中国","苏州市","中国%20苏州市",31.3179873679524,120.61990711549
"2015-06-06 03:57:44","美国","波士顿","美国%20波士顿",40.6835116151438,122.261387331503
"2015-06-06 16:32:56","中国","上海市","中国%20上海市",31.2491617100151,121.487899485695
"2015-06-07 10:32:10","中国","北京市","中国%20北京市",39.9299857780802,116.395645037879
"2015-06-08 14:55:19","中国","北京市","中国%20北京市",39.9299857780802,116.395645037879
"2015-06-13 09:54:41","中国","北京市","中国%20北京市",39.9299857780802,116.395645037879
"2015-06-16 00:04:29","中国","上海市","中国%20上海市",31.2491617100151,121.487899485695
"2015-06-18 10:54:15","美国","巴尔的摩","美国%20巴尔的摩",40.6835116151438,122.261387331503
"2015-06-18 11:45:10","美国","达拉谟","美国%20达拉谟",40.6835116151438,122.261387331503
"2015-06-19 07:41:14","中国","青岛市","中国%20青岛市",36.1052149012738,120.384428183682
"2015-06-19 10:31:27","中国","北京市","中国%20北京市",39.9299857780802,116.395645037879
"2015-06-22 16:47:15","中国","广州市","中国%20广州市",23.1200491020762,113.307649675152
"2015-06-23 13:28:33","中国","广州市","中国%20广州市",23.1200491020762,113.307649675152
"2015-06-26 16:45:50","中国","邯郸市","中国%20邯郸市",36.6093079284712,114.482693932342
"2015-06-26 21:11:31","中国","上海市","中国%20上海市",31.2491617100151,121.487899485695
"2015-06-28 09:39:37","中国","呼和浩特市","中国%20呼和浩特市",40.8283188730816,111.660350520054
"2015-07-03 17:48:18","中国","北京市","中国%20北京市",39.9299857780802,116.395645037879
"2015-07-06 08:03:44","中国","北京市","中国%20北京市",39.9299857780802,116.395645037879
"2015-07-06 08:27:06","美国","伍斯特","美国%20伍斯特",40.6835116151438,122.261387331503
"2015-07-06 12:32:22","中国","北京","中国%20北京",39.9299857780802,116.395645037879
"2015-07-06 16:39:23","中国","南京市","中国%20南京市",32.0572355018059,118.778074408026
"2015-07-08 08:11:15","美国","纽约市","美国%20纽约市",22.5536733159771,114.139447249982
"2015-07-08 15:16:47","美国","芝加哥","美国%20芝加哥",40.6835116151438,122.261387331503
"2015-07-09 10:12:40","中国","北京市","中国%20北京市",39.9299857780802,116.395645037879
"2015-07-10 11:01:22","美国","教堂山市","美国%20教堂山市",40.6835116151438,122.261387331503
"2015-07-11 09:19:35","中国","河南市","中国%20河南市",34.5113897378692,101.556307295327
"2015-07-11 09:23:53","中国","北京市","中国%20北京市",39.9299857780802,116.395645037879
"2015-07-11 16:51:00","法国","巴黎市","法国%20巴黎市",32.9045251864152,115.83992612058
"2015-07-12 05:28:28","中国","北京市","中国%20北京市",39.9299857780802,116.395645037879
"2015-07-13 00:16:52","美国","波士顿","美国%20波士顿",40.6835116151438,122.261387331503
"2015-07-13 08:37:38","中国","长沙市","中国%20长沙市",28.2134782308532,112.97935278765
"2015-07-19 07:56:32","美国","波士顿","美国%20波士顿",40.6835116151438,122.261387331503
"2015-07-19 17:20:22","中国","重庆市","中国%20重庆市",29.5446061088861,106.530635013413
"2015-07-20 10:21:05","中国","北京市","中国%20北京市",39.9299857780802,116.395645037879
"2015-07-20 16:23:45","中国","福建市","中国%20福建市",26.0501182956607,117.984943119907
"2015-07-21 08:00:56","中国","广州市","中国%20广州市",23.1200491020762,113.307649675152
"2015-07-22 22:04:00","中国","兰州市","中国%20兰州市",36.0642255250426,103.823305440729
"2015-07-23 10:58:31","中国","西安市","中国%20西安市",34.2777998978306,108.953098279196
"2015-07-23 12:09:45","美国","俄亥俄市","美国%20俄亥俄市",40.6835116151438,122.261387331503
"2015-07-23 14:11:34","中国","北京市","中国%20北京市",39.9299857780802,116.395645037879
"2015-07-25 08:19:29","中国","香港","中国%20香港",22.3029036401748,114.191116749848
"2015-07-27 14:53:05","中国","北京市","中国%20北京市",39.9299857780802,116.395645037879
"2015-07-28 12:55:48","中国","北京市","中国%20北京市",39.9299857780802,116.395645037879
"2015-08-05 14:28:55","中国","北京市","中国%20北京市",39.9299857780802,116.395645037879
"2015-08-11 12:41:38","爱尔兰","都柏林市","爱尔兰%20都柏林市",34.6569885634648,112.408267291046
"2015-08-14 08:31:46","中国","南昌市","中国%20南昌市",28.6895780001411,115.893527545836
"2015-08-17 13:54:53","中国","北京市","中国%20北京市",39.9299857780802,116.395645037879
"2015-08-17 14:09:45","中国","苏州市","中国%20苏州市",31.3179873679524,120.61990711549
"2015-08-17 14:21:58","中国","杭州市","中国%20杭州市",30.2592444615361,120.21937541572
"2015-08-17 20:56:18","中国","北京市","中国%20北京市",39.9299857780802,116.395645037879
"2015-08-20 09:34:58","中国","北京市","中国%20北京市",39.9299857780802,116.395645037879
"2015-08-20 19:51:58","中国","北京市","中国%20北京市",39.9299857780802,116.395645037879
"2015-08-26 14:53:27","中国","上海市","中国%20上海市",31.2491617100151,121.487899485695
"2015-08-30 10:04:43","中国","汕头市","中国%20汕头市",23.3839084532692,116.728650288341
"2015-09-05 08:56:55","中国","北京市","中国%20北京市",39.9299857780802,116.395645037879
"2015-09-06 10:28:31","中国","长沙市","中国%20长沙市",28.2134782308532,112.97935278765
"2015-09-09 12:44:20","中国","北京市","中国%20北京市",39.9299857780802,116.395645037879
"2015-09-13 10:08:29","中国","北京市","中国%20北京市",39.9299857780802,116.395645037879
"2015-09-16 00:10:12","中国","佛山市","中国%20佛山市",23.0350948405144,113.134025635393
"2015-09-20 08:41:10","中国","保定市","中国%20保定市",38.8865645480274,115.494810169076
"2015-09-20 10:47:09","中国","广州市","中国%20广州市",23.1200491020762,113.307649675152
"2015-09-21 11:36:35","中国","北京市","中国%20北京市",39.9299857780802,116.395645037879
"2015-09-23 14:13:02","中国","成都","中国%20成都",37.5503394745908,104.114129253479
"2015-09-27 21:49:49","中国","成都","中国%20成都",37.5503394745908,104.114129253479
"2015-10-11 22:59:53","中国","福州市","中国%20福州市",26.0471254965729,119.330221107127
"2015-10-13 09:46:02","中国","北京市","中国%20北京市",39.9299857780802,116.395645037879
"2015-10-13 14:45:58","中国","福州市","中国%20福州市",26.0471254965729,119.330221107127
"2015-10-19 08:36:47","中国","北京市","中国%20北京市",39.9299857780802,116.395645037879
"2015-10-19 09:05:02","中国","湖南市","中国%20湖南市",27.6958640523564,111.720663546476
"2015-10-19 18:37:51","澳大利亚","悉尼市","澳大利亚%20悉尼市",37.543317132551,121.418709086603
"2015-10-19 21:29:29","中国","上海市","中国%20上海市",31.2491617100151,121.487899485695
"2015-10-19 21:54:04","中国","北京市","中国%20北京市",39.9299857780802,116.395645037879
"2015-10-20 09:13:03","中国","北京市","中国%20北京市",39.9299857780802,116.395645037879
"2015-10-20 09:13:09","中国","北京市","中国%20北京市",39.9299857780802,116.395645037879
"2015-10-20 09:34:15","中国","杭州市","中国%20杭州市",30.2592444615361,120.21937541572
"2015-10-22 12:43:37","中国","上海市","中国%20上海市",31.2491617100151,121.487899485695
"2015-10-22 19:51:43","中国","北京市","中国%20北京市",39.9299857780802,116.395645037879
"2015-10-23 14:59:35","中国","西安市","中国%20西安市",34.2777998978306,108.953098279196
"2015-10-25 22:34:48","中国","上海市","中国%20上海市",31.2491617100151,121.487899485695
"2015-10-26 06:39:59","中国","北京市","中国%20北京市",39.9299857780802,116.395645037879
"2015-10-29 12:37:37","中国","北京市","中国%20北京市",39.9299857780802,116.395645037879
"2015-10-30 13:44:45","中国","深圳市","中国%20深圳市",22.5460535462052,114.025973657322
"2015-11-03 02:49:47","美国","波士顿","美国%20波士顿",40.6835116151438,122.261387331503
"2015-11-03 22:02:50","中国","广州市","中国%20广州市",23.1200491020762,113.307649675152
"2015-11-06 08:37:12","中国","北京市","中国%20北京市",39.9299857780802,116.395645037879
"2015-11-13 11:36:23","中国","武汉市","中国%20武汉市",30.5810841269208,114.316200102681
"2015-11-14 23:42:37","中国","广州市","中国%20广州市",23.1200491020762,113.307649675152
"2015-11-18 08:11:13","美国","亚特兰大市","美国%20亚特兰大市",40.6835116151438,122.261387331503
"2015-11-18 10:22:41","中国","上海市","中国%20上海市",31.2491617100151,121.487899485695
"2015-11-18 12:48:32","中国","长沙市","中国%20长沙市",28.2134782308532,112.97935278765
"2015-11-18 14:31:41","中国","长沙市","中国%20长沙市",28.2134782308532,112.97935278765
"2015-11-18 16:31:03","中国","河北市","中国%20河北市",39.1731489339242,117.220296765077
"2015-11-18 20:19:54","中国","长沙市","中国%20长沙市",28.2134782308532,112.97935278765
"2015-11-21 19:52:41","中国","北京市","中国%20北京市",39.9299857780802,116.395645037879
"2015-11-26 20:16:25","中国","西安市","中国%20西安市",34.2777998978306,108.953098279196
"2015-11-29 09:56:12","中国","广州市","中国%20广州市",23.1200491020762,113.307649675152
"2015-11-29 15:52:42","中国","南京市","中国%20南京市",32.0572355018059,118.778074408026
"2015-11-29 22:39:25","中国","北京市","中国%20北京市",39.9299857780802,116.395645037879
"2015-11-30 14:13:02","中国","北京市","中国%20北京市",39.9299857780802,116.395645037879
"2015-12-02 08:54:55","美国","伊萨卡市","美国%20伊萨卡市",30.2961555595848,120.389777413333
"2015-12-08 10:29:15","新加坡","新加坡市","新加坡%20新加坡市",26.2583235319023,105.961714302087
"2015-12-09 10:54:58","美国","纽约市","美国%20纽约市",22.5536733159771,114.139447249982
"2015-12-09 17:10:35","中国","郑州市","中国%20郑州市",34.7566100641403,113.649643849864
"2015-12-10 10:09:41","新加坡","新加坡市","新加坡%20新加坡市",26.2583235319023,105.961714302087
"2015-12-14 08:14:32","中国","成都市","中国%20成都市",30.6799428454196,104.067923463304
"2015-12-14 13:17:41","中国","上海市","中国%20上海市",31.2491617100151,121.487899485695
"2015-12-15 23:25:41","中国","深圳市","中国%20深圳市",22.5460535462052,114.025973657322
"2015-12-16 08:21:34","中国","海口市","中国%20海口市",20.0220712769522,110.330801848336
"2015-12-16 09:34:20","中国","北京市","中国%20北京市",39.9299857780802,116.395645037879
"2015-12-16 09:55:56","中国","长沙市","中国%20长沙市",28.2134782308532,112.97935278765
"2015-12-16 15:40:58","中国","成都市","中国%20成都市",30.6799428454196,104.067923463304
"2015-12-16 20:50:11","中国","运城市","中国%20运城市",35.0388594798119,111.00685365308
"2015-12-17 08:15:44","中国","苏州市","中国%20苏州市",31.3179873679524,120.61990711549
"2015-12-18 13:15:34","新加坡","新加坡市","新加坡%20新加坡市",26.2583235319023,105.961714302087
"2015-12-20 12:16:26","美国","巴尔的摩","美国%20巴尔的摩",40.6835116151438,122.261387331503
"2015-12-21 05:17:39","美国","波士顿","美国%20波士顿",40.6835116151438,122.261387331503
"2015-12-21 15:58:55","中国","上海市","中国%20上海市",31.2491617100151,121.487899485695
"2015-12-21 19:30:00","中国","北京市","中国%20北京市",39.9299857780802,116.395645037879
"2015-12-21 20:18:51","德国","卡尔斯鲁尔市","德国%20卡尔斯鲁尔市",24.5190797075755,118.123916012766
"2015-12-21 21:30:07","中国","北京市","中国%20北京市",39.9299857780802,116.395645037879
"2015-12-22 09:49:18","加拿大","多伦多市","加拿大%20多伦多市",34.5977406960455,119.186961516835
"2015-12-24 15:48:20","中国","北京市","中国%20北京市",39.9299857780802,116.395645037879
"2015-12-28 22:51:00","中国","北京市","中国%20北京市",39.9299857780802,116.395645037879
"2015-12-29 21:58:09","中国","深圳市","中国%20深圳市",22.5460535462052,114.025973657322
"2015-12-30 15:04:26","中国","北京市","中国%20北京市",39.9299857780802,116.395645037879
"2016-01-02 16:06:41","中国","兰州市","中国%20兰州市",36.0642255250426,103.823305440729
"2016-01-03 16:45:41","中国","北京市","中国%20北京市",39.9299857780802,116.395645037879
"2016-01-05 08:29:09","中国","合肥市","中国%20合肥市",31.8669422606869,117.282699091683
"2016-01-06 08:31:34","中国","北京市","中国%20北京市",39.9299857780802,116.395645037879
"2016-01-06 11:08:51","中国","北京市","中国%20北京市",39.9299857780802,116.395645037879
"2016-01-06 11:56:14","中国","西安市","中国%20西安市",34.2777998978306,108.953098279196
"2016-01-07 09:45:18","中国","杭州市","中国%20杭州市",30.2592444615361,120.21937541572
"2016-01-08 14:54:19","中国","北京市","中国%20北京市",39.9299857780802,116.395645037879
"2016-01-08 19:23:38","中国","十堰市","中国%20十堰市",32.6369943394681,110.80122891676
"2016-01-10 22:51:38","中国","北京市","中国%20北京市",39.9299857780802,116.395645037879
"2016-01-11 07:54:24","中国","广州市","中国%20广州市",23.1200491020762,113.307649675152
"2016-01-11 10:32:27","美国","芝加哥","美国%20芝加哥",40.6835116151438,122.261387331503
"2016-01-11 19:22:32","中国","上海市","中国%20上海市",31.2491617100151,121.487899485695
"2016-01-11 20:50:38","中国","成都","中国%20成都",37.5503394745908,104.114129253479
"2016-01-11 21:31:49","中国","广州市","中国%20广州市",23.1200491020762,113.307649675152
"2016-01-12 09:07:29","中国","河北市","中国%20河北市",39.1731489339242,117.220296765077
"2016-01-12 12:24:50","美国","洛杉矶市","美国%20洛杉矶市",23.1349343536254,113.349938754478
"2016-01-14 08:13:26","中国","南京市","中国%20南京市",32.0572355018059,118.778074408026
"2016-01-14 08:29:29","中国","北京市","中国%20北京市",39.9299857780802,116.395645037879
"2016-01-14 08:30:00","美国","洛杉矶市","美国%20洛杉矶市",23.1349343536254,113.349938754478
"2016-01-16 10:14:24","新西兰","汉密尔顿市","新西兰%20汉密尔顿市",33.6499980520319,116.958386396519
"2016-01-16 10:52:17","中国","上海市","中国%20上海市",31.2491617100151,121.487899485695
"2016-01-17 12:42:57","中国","东莞市","中国%20东莞市",23.0430238153682,113.763433990757
"2016-01-17 16:16:39","中国","长沙市","中国%20长沙市",28.2134782308532,112.97935278765
"2016-01-18 09:40:12","中国","长沙市","中国%20长沙市",28.2134782308532,112.97935278765
"2016-01-18 09:46:36","中国","上海市","中国%20上海市",31.2491617100151,121.487899485695
"2016-01-18 10:33:17","中国","武汉市","中国%20武汉市",30.5810841269208,114.316200102681
"2016-01-18 11:12:20","中国","北京市","中国%20北京市",39.9299857780802,116.395645037879
"2016-01-18 14:26:50","中国","北京市","中国%20北京市",39.9299857780802,116.395645037879
"2016-01-18 21:42:52","中国","广州市","中国%20广州市",23.1200491020762,113.307649675152
"2016-01-18 23:59:23","中国","深圳市","中国%20深圳市",22.5460535462052,114.025973657322
"2016-01-19 05:49:22","中国","上海市","中国%20上海市",31.2491617100151,121.487899485695
"2016-01-19 08:34:11","中国","香港市","中国%20香港市",22.2935859932797,114.186124102571
"2016-01-19 09:44:30","澳大利亚","墨尔本市","澳大利亚%20墨尔本市",37.543317132551,121.418709086603
"2016-01-19 10:38:08","中国","北京市","中国%20北京市",39.9299857780802,116.395645037879
"2016-01-19 14:52:06","新加坡","新加坡市","新加坡%20新加坡市",26.2583235319023,105.961714302087
"2016-01-19 15:10:54","中国","深圳市","中国%20深圳市",22.5460535462052,114.025973657322
"2016-01-19 17:50:07","中国","上海市","中国%20上海市",31.2491617100151,121.487899485695
"2016-01-20 00:16:09","中国","广州市","中国%20广州市",23.1200491020762,113.307649675152
"2016-01-20 10:03:05","中国","北京市","中国%20北京市",39.9299857780802,116.395645037879
"2016-01-20 17:23:13","中国","上海市","中国%20上海市",31.2491617100151,121.487899485695
"2016-01-21 07:47:12","中国","郑州市","中国%20郑州市",34.7566100641403,113.649643849864
"2016-01-21 13:44:12","中国","北京市","中国%20北京市",39.9299857780802,116.395645037879
"2016-01-21 21:59:06","中国","北京","中国%20北京",39.9299857780802,116.395645037879
"2016-01-25 09:28:34","中国","上海市","中国%20上海市",31.2491617100151,121.487899485695
"2016-01-26 08:29:47","中国","深圳市","中国%20深圳市",22.5460535462052,114.025973657322
"2016-01-26 15:56:57","中国","北京市","中国%20北京市",39.9299857780802,116.395645037879
"2016-01-26 16:11:24","英国","伦敦市","英国%20伦敦市",22.3202248309167,114.181898832775
"2016-01-26 20:04:59","中国","济南市","中国%20济南市",36.6827847271614,117.02496706629
"2016-01-26 22:53:30","中国","渭南市","中国%20渭南市",34.5023579758288,109.48393269658
"2016-01-27 08:45:27","美国","芝加哥","美国%20芝加哥",40.6835116151438,122.261387331503
"2016-01-28 07:47:44","美国","泽西市市","美国%20泽西市市",40.6835116151438,122.261387331503
"2016-01-28 09:59:43","中国","北京市","中国%20北京市",39.9299857780802,116.395645037879
"2016-01-30 02:34:47","美国","纽约市","美国%20纽约市",22.5536733159771,114.139447249982
"2016-01-30 20:33:11","中国","河北市","中国%20河北市",39.1731489339242,117.220296765077
"2016-02-01 09:47:08","中国","武汉","中国%20武汉",30.5810841269208,114.316200102681
"2016-02-01 10:53:56","中国","武汉市","中国%20武汉市",30.5810841269208,114.316200102681
"2016-02-02 13:37:16","中国","深圳市","中国%20深圳市",22.5460535462052,114.025973657322
"2016-02-03 14:36:35","中国","上海市","中国%20上海市",31.2491617100151,121.487899485695
"2016-02-03 21:15:16","中国","广州市","中国%20广州市",23.1200491020762,113.307649675152
"2016-02-08 04:59:07","美国","北卡罗来纳州教堂山","美国%20北卡罗来纳州教堂山",40.6835116151438,122.261387331503
"2016-02-08 07:54:14","美国","上海市","美国%20上海市",31.2491617100151,121.487899485695
"2016-02-08 22:06:03","中国","新疆市","中国%20新疆市",36.0645697330627,103.849930865706
"2016-02-11 13:19:10","中国","贵阳市","中国%20贵阳市",26.6299067414409,106.709177096176
"2016-02-11 14:25:49","中国","广州市","中国%20广州市",23.1200491020762,113.307649675152
"2016-02-11 21:08:22","中国","上海市","中国%20上海市",31.2491617100151,121.487899485695
"2016-02-12 13:30:50","中国","长沙市","中国%20长沙市",28.2134782308532,112.97935278765
"2016-02-14 09:21:04","中国","山东市","中国%20山东市",36.0992899297283,118.527663392878
"2016-02-15 09:48:50","中国","深圳市","中国%20深圳市",22.5460535462052,114.025973657322
"2016-02-15 10:43:23","中国","天津市","中国%20天津市",39.1439299033101,117.210813091553
"2016-02-15 11:29:30","中国","杭州市","中国%20杭州市",30.2592444615361,120.21937541572
"2016-02-15 17:22:05","中国","北京市","中国%20北京市",39.9299857780802,116.395645037879
"2016-02-16 09:48:33","中国","北京市","中国%20北京市",39.9299857780802,116.395645037879
"2016-02-16 11:49:49","中国","北京市","中国%20北京市",39.9299857780802,116.395645037879
"2016-02-17 09:10:37","中国","广州市","中国%20广州市",23.1200491020762,113.307649675152
"2016-02-17 17:05:36","中国","天津市","中国%20天津市",39.1439299033101,117.210813091553
"2016-02-18 00:58:14","中国","上海市","中国%20上海市",31.2491617100151,121.487899485695
"2016-02-18 01:13:33","中国","北京市","中国%20北京市",39.9299857780802,116.395645037879
"2016-02-20 07:53:14","中国","北京市","中国%20北京市",39.9299857780802,116.395645037879
"2016-02-20 09:40:21","中国","北京市","中国%20北京市",39.9299857780802,116.395645037879
"2016-02-21 16:57:37","中国","上海市","中国%20上海市",31.2491617100151,121.487899485695
"2016-02-24 20:53:54","中国","杭州市","中国%20杭州市",30.2592444615361,120.21937541572
"2016-02-24 21:56:54","中国","北京市","中国%20北京市",39.9299857780802,116.395645037879
"2016-02-25 11:59:25","中国","北京市","中国%20北京市",39.9299857780802,116.395645037879
"2016-02-28 09:20:53","中国","烟台市","中国%20烟台市",37.5365615628596,121.309555030085
"2016-02-28 10:10:58","中国","北京市","中国%20北京市",39.9299857780802,116.395645037879
"2016-02-28 21:59:51","中国","北京市","中国%20北京市",39.9299857780802,116.395645037879
"2016-02-29 11:21:08","中国","武汉市","中国%20武汉市",30.5810841269208,114.316200102681
"2016-03-01 15:05:26","中国","上海市","中国%20上海市",31.2491617100151,121.487899485695
"2016-03-01 18:16:40","中国","太原市","中国%20太原市",37.8902770539675,112.550863589055
"2016-03-02 00:25:00","中国","上海市","中国%20上海市",31.2491617100151,121.487899485695
"2016-03-03 11:24:24","中国","南京市","中国%20南京市",32.0572355018059,118.778074408026
"2016-03-04 09:07:44","中国","成都市","中国%20成都市",30.6799428454196,104.067923463304
"2016-03-04 11:05:33","中国","上海市","中国%20上海市",31.2491617100151,121.487899485695
"2016-03-05 10:07:01","中国","北京市","中国%20北京市",39.9299857780802,116.395645037879
"2016-03-06 20:14:45","中国","成都市","中国%20成都市",30.6799428454196,104.067923463304
"2016-03-07 17:19:05","中国","武汉市","中国%20武汉市",30.5810841269208,114.316200102681
"2016-03-08 05:31:35","美国","纽约市","美国%20纽约市",22.5536733159771,114.139447249982
"2016-03-08 09:00:40","中国","沈阳","中国%20沈阳",41.8086447835157,123.432790921605
"2016-03-08 09:23:14","中国","北京市","中国%20北京市",39.9299857780802,116.395645037879
"2016-03-08 11:14:26","中国","上海市","中国%20上海市",31.2491617100151,121.487899485695
"2016-03-08 11:28:26","中国","上海市","中国%20上海市",31.2491617100151,121.487899485695
"2016-03-08 14:32:03","美国","硅谷市","美国%20硅谷市",40.6835116151438,122.261387331503
"2016-03-08 14:48:12","中国","北京市","中国%20北京市",39.9299857780802,116.395645037879
"2016-03-08 17:04:18","中国","福建市","中国%20福建市",26.0501182956607,117.984943119907
"2016-03-08 17:13:05","中国","上海市","中国%20上海市",31.2491617100151,121.487899485695
"2016-03-08 22:58:04","美国","纽约市","美国%20纽约市",22.5536733159771,114.139447249982
"2016-03-08 23:22:11","中国","陕西市","中国%20陕西市",35.8600262613228,109.503789290725
"2016-03-09 08:38:41","中国","广州市","中国%20广州市",23.1200491020762,113.307649675152
"2016-03-09 08:56:19","中国","广州市","中国%20广州市",23.1200491020762,113.307649675152
"2016-03-09 11:03:13","加拿大","多伦多市","加拿大%20多伦多市",34.5977406960455,119.186961516835
"2016-03-09 12:33:42","中国","北京市","中国%20北京市",39.9299857780802,116.395645037879
"2016-03-09 12:54:51","中国","北京市","中国%20北京市",39.9299857780802,116.395645037879
"2016-03-09 16:03:16","中国","广州市","中国%20广州市",23.1200491020762,113.307649675152
"2016-03-09 16:39:38","中国","安阳市","中国%20安阳市",36.1102667221811,114.351806507672
"2016-03-09 19:40:34","中国","北京市","中国%20北京市",39.9299857780802,116.395645037879
"2016-03-10 10:08:57","中国","上海市","中国%20上海市",31.2491617100151,121.487899485695
"2016-03-10 12:24:24","中国","北京市","中国%20北京市",39.9299857780802,116.395645037879
"2016-03-10 16:28:26","中国","合肥","中国%20合肥",31.8669422606869,117.282699091683
"2016-03-12 09:18:32","中国","北京市","中国%20北京市",39.9299857780802,116.395645037879
"2016-03-12 10:05:21","中国","郑州市","中国%20郑州市",34.7566100641403,113.649643849864
"2016-03-13 09:17:03","中国","上海市","中国%20上海市",31.2491617100151,121.487899485695
"2016-03-13 16:44:18","中国","深圳市","中国%20深圳市",22.5460535462052,114.025973657322
"2016-03-14 11:26:38","中国","深圳市","中国%20深圳市",22.5460535462052,114.025973657322
"2016-03-14 11:49:14","中国","郑州市","中国%20郑州市",34.7566100641403,113.649643849864
"2016-03-14 19:11:12","中国","北京市","中国%20北京市",39.9299857780802,116.395645037879
"2016-03-14 22:44:50","中国","西安市","中国%20西安市",34.2777998978306,108.953098279196
"2016-03-14 22:50:53","中国","上海市","中国%20上海市",31.2491617100151,121.487899485695
"2016-03-15 09:00:05","中国","河南市","中国%20河南市",34.5113897378692,101.556307295327
"2016-03-15 12:24:17","中国","北京市","中国%20北京市",39.9299857780802,116.395645037879
"2016-03-15 12:25:48","中国","银川市","中国%20银川市",38.502621011876,106.206478607838
"2016-03-15 16:28:19","中国","杭州市","中国%20杭州市",30.2592444615361,120.21937541572
"2016-03-17 05:02:32","加拿大","多伦多市","加拿大%20多伦多市",34.5977406960455,119.186961516835
"2016-03-17 10:44:21","中国","北京市","中国%20北京市",39.9299857780802,116.395645037879
"2016-03-17 13:03:07","美国","芝加哥","美国%20芝加哥",40.6835116151438,122.261387331503
"2016-03-18 09:07:33","中国","商丘市","中国%20商丘市",34.4385886402464,115.64188568785
"2016-03-18 09:23:29","中国","深圳市","中国%20深圳市",22.5460535462052,114.025973657322
"2016-03-18 10:54:04","中国","长沙","中国%20长沙",28.2134782308532,112.97935278765
"2016-03-18 15:37:32","中国","荆门市","中国%20荆门市",31.0426112029486,112.217330298967
"2016-03-18 17:13:00","中国","南宁市","中国%20南宁市",22.8064929356026,108.297233555866
"2016-03-18 23:09:12","中国","北京市","中国%20北京市",39.9299857780802,116.395645037879
"2016-03-19 04:22:12","英国","伦敦市","英国%20伦敦市",22.3202248309167,114.181898832775
"2016-03-19 09:04:47","中国","重庆市","中国%20重庆市",29.5446061088861,106.530635013413
"2016-03-19 15:42:04","中国","北京市","中国%20北京市",39.9299857780802,116.395645037879
"2016-03-19 16:53:17","中国","南京市","中国%20南京市",32.0572355018059,118.778074408026
"2016-03-19 20:06:14","中国","武汉市","中国%20武汉市",30.5810841269208,114.316200102681
"2016-03-20 07:56:38","中国","北京市","中国%20北京市",39.9299857780802,116.395645037879
"2016-03-20 13:52:01","中国","南京市","中国%20南京市",32.0572355018059,118.778074408026
"2016-03-21 00:31:08","中国","广州市","中国%20广州市",23.1200491020762,113.307649675152
"2016-03-21 09:09:16","中国","沈阳市","中国%20沈阳市",41.8086447835157,123.432790921605
"2016-03-21 19:43:10","中国","阜阳市","中国%20阜阳市",32.9012113305696,115.820932259046
"2016-03-22 09:23:53","中国","深圳市","中国%20深圳市",22.5460535462052,114.025973657322
"2016-03-23 09:18:03","中国","香港市","中国%20香港市",22.2935859932797,114.186124102571
"2016-03-23 17:39:13","中国","深圳市","中国%20深圳市",22.5460535462052,114.025973657322
"2016-03-23 23:03:08","中国","上海市","中国%20上海市",31.2491617100151,121.487899485695
"2016-03-25 09:15:28","中国","南京市","中国%20南京市",32.0572355018059,118.778074408026
"2016-03-27 10:10:57","中国","南京市","中国%20南京市",32.0572355018059,118.778074408026
"2016-03-28 09:48:50","中国","天津市","中国%20天津市",39.1439299033101,117.210813091553
"2016-03-28 15:16:41","中国","宣城市","中国%20宣城市",30.9516423542958,118.752096310983
"2016-03-30 09:51:17","中国","北京市","中国%20北京市",39.9299857780802,116.395645037879
"2016-03-30 11:42:04","中国","青岛市","中国%20青岛市",36.1052149012738,120.384428183682
"2016-03-30 13:00:26","中国","北京市","中国%20北京市",39.9299857780802,116.395645037879
"2016-03-30 20:51:32","中国","北京市","中国%20北京市",39.9299857780802,116.395645037879
"2016-03-31 19:50:40","中国","北京市","中国%20北京市",39.9299857780802,116.395645037879
"2016-04-01 08:30:01","中国","北京","中国%20北京",39.9299857780802,116.395645037879
"2016-04-01 12:56:07","中国","北京市","中国%20北京市",39.9299857780802,116.395645037879
"2016-04-02 07:34:06","中国","湖南市","中国%20湖南市",27.6958640523564,111.720663546476
"2016-04-02 08:29:38","中国","成都市","中国%20成都市",30.6799428454196,104.067923463304
"2016-04-02 11:32:02","中国","南宁市","中国%20南宁市",22.8064929356026,108.297233555866
"2016-04-03 07:56:27","中国","杭州市","中国%20杭州市",30.2592444615361,120.21937541572
"2016-04-03 16:33:49","中国","深圳市","中国%20深圳市",22.5460535462052,114.025973657322
"2016-04-04 00:09:51","美国","圣荷塞市","美国%20圣荷塞市",40.6835116151438,122.261387331503
"2016-04-04 15:27:41","中国","涪陵市","中国%20涪陵市",29.6646705405597,107.340799738027
"2016-04-05 10:45:46","中国","苏州市","中国%20苏州市",31.3179873679524,120.61990711549
"2016-04-05 11:03:15","中国","苏州市","中国%20苏州市",31.3179873679524,120.61990711549
"2016-04-05 11:06:33","美国","匹兹堡市","美国%20匹兹堡市",40.6835116151438,122.261387331503
"2016-04-06 09:14:10","中国","厦门市","中国%20厦门市",24.4892306124692,118.103886045664
"2016-04-06 10:34:18","中国","石家庄市","中国%20石家庄市",38.0489583146155,114.522081844208
"2016-04-06 12:02:16","中国","北京市","中国%20北京市",39.9299857780802,116.395645037879
"2016-04-06 13:41:51","美国","香槟市","美国%20香槟市",23.56432305921,116.369224144233
"2016-04-06 17:08:25","中国","杭州市","中国%20杭州市",30.2592444615361,120.21937541572
"2016-04-07 01:38:48","中国","杭州市","中国%20杭州市",30.2592444615361,120.21937541572
"2016-04-07 08:05:03","中国","北京市","中国%20北京市",39.9299857780802,116.395645037879
"2016-04-07 13:21:29","中国","北京市","中国%20北京市",39.9299857780802,116.395645037879
"2016-04-07 20:06:59","中国","北京市","中国%20北京市",39.9299857780802,116.395645037879
"2016-04-11 09:12:52","中国","北京市","中国%20北京市",39.9299857780802,116.395645037879
"2016-04-12 09:53:38","中国","北京市","中国%20北京市",39.9299857780802,116.395645037879
"2016-04-12 10:48:22","中国","杭州市","中国%20杭州市",30.2592444615361,120.21937541572
"2016-04-12 11:39:55","中国","杭州市","中国%20杭州市",30.2592444615361,120.21937541572
"2016-04-16 09:56:24","中国","苏州市","中国%20苏州市",31.3179873679524,120.61990711549
"2016-04-16 19:27:30","中国","杭州市","中国%20杭州市",30.2592444615361,120.21937541572
"2016-04-18 16:11:00","中国","上海市","中国%20上海市",31.2491617100151,121.487899485695
"2016-04-18 16:17:24","中国","大连市","中国%20大连市",38.9487099383043,121.593477781435
"2016-04-19 07:45:01","中国","乌鲁木齐市","中国%20乌鲁木齐市",43.8403803472177,87.5649877411158
"2016-04-19 09:23:47","美国","洛杉矶市","美国%20洛杉矶市",23.1349343536254,113.349938754478
"2016-04-19 09:49:19","美国","克利夫兰市","美国%20克利夫兰市",40.6835116151438,122.261387331503
"2016-04-19 14:41:37","中国","北京市","中国%20北京市",39.9299857780802,116.395645037879
"2016-04-19 22:28:43","中国","深圳市","中国%20深圳市",22.5460535462052,114.025973657322
"2016-04-20 09:41:54","中国","重庆市","中国%20重庆市",29.5446061088861,106.530635013413
"2016-04-20 10:43:42","中国","广州市","中国%20广州市",23.1200491020762,113.307649675152
"2016-04-20 18:20:18","中国","北京市","中国%20北京市",39.9299857780802,116.395645037879
"2016-04-20 22:15:59","美国","旧金山夏洛茨维尔","美国%20旧金山夏洛茨维尔",25.062429969942,102.740433440831
"2016-04-21 07:52:13","中国","北京市","中国%20北京市",39.9299857780802,116.395645037879
"2016-04-21 08:05:16","中国","北京市","中国%20北京市",39.9299857780802,116.395645037879
"2016-04-22 04:43:32","中国","大连市","中国%20大连市",38.9487099383043,121.593477781435
"2016-04-23 08:56:18","中国","北京市","中国%20北京市",39.9299857780802,116.395645037879
"2016-04-24 09:53:30","美国","纽约市","美国%20纽约市",22.5536733159771,114.139447249982
"2016-04-24 23:02:19","中国","杭州市","中国%20杭州市",30.2592444615361,120.21937541572
"2016-04-25 10:32:02","中国","武汉市","中国%20武汉市",30.5810841269208,114.316200102681
"2016-04-25 22:58:36","中国","北京市","中国%20北京市",39.9299857780802,116.395645037879
"2016-04-26 08:58:09","中国","北京市","中国%20北京市",39.9299857780802,116.395645037879
"2016-04-26 09:17:12","中国","邯郸市","中国%20邯郸市",36.6093079284712,114.482693932342
"2016-04-26 13:59:01","美国","纽约市","美国%20纽约市",22.5536733159771,114.139447249982
"2016-04-26 19:26:13","中国","北京市","中国%20北京市",39.9299857780802,116.395645037879
"2016-04-27 17:48:05","中国","武汉市","中国%20武汉市",30.5810841269208,114.316200102681
"2016-04-27 20:22:46","中国","北京市","中国%20北京市",39.9299857780802,116.395645037879
"2016-04-27 22:54:20","中国","北京市","中国%20北京市",39.9299857780802,116.395645037879
"2016-04-28 09:19:32","美国","匹兹堡市","美国%20匹兹堡市",40.6835116151438,122.261387331503
"2016-04-28 09:59:07","中国","天津市","中国%20天津市",39.1439299033101,117.210813091553
"2016-04-28 16:26:08","中国","北京市","中国%20北京市",39.9299857780802,116.395645037879
"2016-04-29 11:08:45","新加坡","新加坡市","新加坡%20新加坡市",26.2583235319023,105.961714302087
"2016-04-29 14:19:30","中国","武汉市","中国%20武汉市",30.5810841269208,114.316200102681
"2016-04-30 01:01:09","美国","洛杉矶","美国%20洛杉矶",40.6835116151438,122.261387331503
"2016-04-30 11:41:49","东京","札幌市","东京%20札幌市",31.2430420982994,121.491192873118
"2016-04-30 12:55:17","中国","成都市","中国%20成都市",30.6799428454196,104.067923463304
"2016-04-30 14:20:31","中国","北京市","中国%20北京市",39.9299857780802,116.395645037879
"2016-05-02 01:35:59","中国","重庆市","中国%20重庆市",29.5446061088861,106.530635013413
"2016-05-02 04:21:31","中国","成都","中国%20成都",37.5503394745908,104.114129253479
"2016-05-02 07:16:52","中国","苏州市","中国%20苏州市",31.3179873679524,120.61990711549
"2016-05-03 18:57:05","新加坡","新加坡市","新加坡%20新加坡市",26.2583235319023,105.961714302087
"2016-05-03 19:15:58","瑞典","哥德堡市","瑞典%20哥德堡市",22.0548859529189,113.357751227665
"2016-05-04 07:34:05","中国","沈阳市","中国%20沈阳市",41.8086447835157,123.432790921605
"2016-05-04 07:54:58","中国","北京市","中国%20北京市",39.9299857780802,116.395645037879
"2016-05-04 08:40:59","中国","广州市","中国%20广州市",23.1200491020762,113.307649675152
"2016-05-04 09:22:09","中国","上海市","中国%20上海市",31.2491617100151,121.487899485695
"2016-05-04 10:27:01","新西兰","奥克兰市","新西兰%20奥克兰市",23.1036399227729,113.803789736965
"2016-05-04 10:41:16","中国","长春市","中国%20长春市",43.8983376070978,125.313642427201
"2016-05-04 11:45:26","中国","上海市","中国%20上海市",31.2491617100151,121.487899485695
"2016-05-05 13:05:28","中国","郑州市","中国%20郑州市",34.7566100641403,113.649643849864
"2016-05-07 19:13:29","中国","上海市","中国%20上海市",31.2491617100151,121.487899485695
"2016-05-08 09:18:56","中国","北京市","中国%20北京市",39.9299857780802,116.395645037879
"2016-05-08 12:31:14","中国","天津市","中国%20天津市",39.1439299033101,117.210813091553
"2016-05-08 12:35:39","中国","上海市","中国%20上海市",31.2491617100151,121.487899485695
"2016-05-08 18:05:50","中国","北京市","中国%20北京市",39.9299857780802,116.395645037879
"2016-05-09 11:09:31","美国","纽约市","美国%20纽约市",22.5536733159771,114.139447249982
"2016-05-09 13:24:50","中国","重庆市","中国%20重庆市",29.5446061088861,106.530635013413
"2016-05-10 09:48:13","中国","成都","中国%20成都",37.5503394745908,104.114129253479
"2016-05-10 14:12:34","中国","郑州市","中国%20郑州市",34.7566100641403,113.649643849864
"2016-05-11 08:30:05","美国","纽约","美国%20纽约",40.6835116151438,122.261387331503
"2016-05-11 09:44:02","中国","云南市","中国%20云南市",24.8642127954833,101.592951637008
"2016-05-11 13:27:09","中国","上海市","中国%20上海市",31.2491617100151,121.487899485695
"2016-05-15 20:22:26","中国","成都市","中国%20成都市",30.6799428454196,104.067923463304
"2016-05-16 09:13:19","中国","广州市","中国%20广州市",23.1200491020762,113.307649675152
"2016-05-17 07:32:20","中国","北京市","中国%20北京市",39.9299857780802,116.395645037879
"2016-05-17 12:08:32","中国","上海市","中国%20上海市",31.2491617100151,121.487899485695
"2016-05-17 22:28:56","中国","北京市","中国%20北京市",39.9299857780802,116.395645037879
"2016-05-18 08:32:11","中国","大连市","中国%20大连市",38.9487099383043,121.593477781435
"2016-05-18 17:36:25","中国","武汉市","中国%20武汉市",30.5810841269208,114.316200102681
"2016-05-20 08:12:41","中国","揭阳市","中国%20揭阳市",23.5479994669261,116.379500855382
"2016-05-22 12:31:33","中国","北京市","中国%20北京市",39.9299857780802,116.395645037879
"2016-05-22 13:06:15","中国","上海市","中国%20上海市",31.2491617100151,121.487899485695
"2016-05-24 00:58:44","美国","伊萨卡","美国%20伊萨卡",30.2961555595848,120.389777413333
"2016-05-24 05:36:11","中国","北京市","中国%20北京市",39.9299857780802,116.395645037879
"2016-05-24 19:05:44","中国","北京","中国%20北京",39.9299857780802,116.395645037879
"2016-05-30 08:35:32","中国","杭州市","中国%20杭州市",30.2592444615361,120.21937541572
"2016-05-30 08:35:36","中国","杭州市","中国%20杭州市",30.2592444615361,120.21937541572
"2016-05-30 11:03:33","中国","珠海市","中国%20珠海市",22.2569146461257,113.56244702619
"2016-06-01 11:54:17","中国","北京市","中国%20北京市",39.9299857780802,116.395645037879
"2016-06-01 15:13:46","澳大利亚","布里斯班","澳大利亚%20布里斯班",37.543317132551,121.418709086603
"2016-06-03 08:09:25","中国","北京市","中国%20北京市",39.9299857780802,116.395645037879
"2016-06-05 09:29:17","中国","丹东市","中国%20丹东市",40.1290228266375,124.338543114769
"2016-06-05 11:05:44","中国","上海市","中国%20上海市",31.2491617100151,121.487899485695
"2016-06-06 07:53:03","马来西亚","吉隆坡","马来西亚%20吉隆坡",22.2821477573992,114.18267730433
"2016-06-06 07:54:20","中国","郑州市","中国%20郑州市",34.7566100641403,113.649643849864
"2016-06-06 07:58:35","中国","上海市","中国%20上海市",31.2491617100151,121.487899485695
"2016-06-06 07:58:43","中国","北京市","中国%20北京市",39.9299857780802,116.395645037879
"2016-06-06 08:03:33","中国","北京市","中国%20北京市",39.9299857780802,116.395645037879
"2016-06-06 08:12:55","中国","北京市","中国%20北京市",39.9299857780802,116.395645037879
"2016-06-06 08:17:25","中国","汕头市","中国%20汕头市",23.3839084532692,116.728650288341
"2016-06-06 08:23:42","中国","北京市","中国%20北京市",39.9299857780802,116.395645037879
"2016-06-06 08:38:34","中国","西安市","中国%20西安市",34.2777998978306,108.953098279196
"2016-06-06 08:40:18","中国","广州市","中国%20广州市",23.1200491020762,113.307649675152
"2016-06-06 08:51:29","中国","上海市","中国%20上海市",31.2491617100151,121.487899485695
"2016-06-06 09:02:23","中国","成都市","中国%20成都市",30.6799428454196,104.067923463304
"2016-06-06 09:23:35","中国","连云港市","中国%20连云港市",34.60154896701,119.173872217419
"2016-06-06 09:38:44","美国","洛杉矶","美国%20洛杉矶",40.6835116151438,122.261387331503
"2016-06-06 09:45:56","中国","北京市","中国%20北京市",39.9299857780802,116.395645037879
"2016-06-06 09:46:21","中国","北京市","中国%20北京市",39.9299857780802,116.395645037879
"2016-06-06 09:46:23","中国","广州市","中国%20广州市",23.1200491020762,113.307649675152
"2016-06-06 09:48:24","中国","大连市","中国%20大连市",38.9487099383043,121.593477781435
"2016-06-06 10:19:53","中国","北京市","中国%20北京市",39.9299857780802,116.395645037879
"2016-06-06 10:25:35","中国","长春市","中国%20长春市",43.8983376070978,125.313642427201
"2016-06-06 10:38:26","中国","宁波市","中国%20宁波市",29.8852589659181,121.579005972589
"2016-06-06 10:57:44","中国","上海市","中国%20上海市",31.2491617100151,121.487899485695
"2016-06-06 10:58:46","中国","贵阳市","中国%20贵阳市",26.6299067414409,106.709177096176
"2016-06-06 11:02:43","中国","上海市","中国%20上海市",31.2491617100151,121.487899485695
"2016-06-06 11:13:34","中国","信阳市","中国%20信阳市",32.1285823075117,114.08549099347
"2016-06-06 11:24:45","中国","杭州市","中国%20杭州市",30.2592444615361,120.21937541572
"2016-06-06 11:37:14","中国","北京市","中国%20北京市",39.9299857780802,116.395645037879
"2016-06-06 12:21:26","中国","北京","中国%20北京",39.9299857780802,116.395645037879
"2016-06-06 13:00:29","中国","上海市","中国%20上海市",31.2491617100151,121.487899485695
"2016-06-06 13:04:19","中国","南京市","中国%20南京市",32.0572355018059,118.778074408026
"2016-06-06 13:18:06","中国","成都市","中国%20成都市",30.6799428454196,104.067923463304
"2016-06-06 14:13:46","中国","上海市","中国%20上海市",31.2491617100151,121.487899485695
"2016-06-06 14:20:03","中国","苏州市","中国%20苏州市",31.3179873679524,120.61990711549
"2016-06-06 14:34:15","中国","上海市","中国%20上海市",31.2491617100151,121.487899485695
"2016-06-06 14:51:20","中国","上海市","中国%20上海市",31.2491617100151,121.487899485695
"2016-06-06 15:37:02","中国","石家庄市","中国%20石家庄市",38.0489583146155,114.522081844208
"2016-06-06 16:43:01","中国","广州市","中国%20广州市",23.1200491020762,113.307649675152
"2016-06-06 17:53:55","中国","西宁市","中国%20西宁市",36.640738611958,101.767920989803
"2016-06-06 19:02:00","中国","上海市","中国%20上海市",31.2491617100151,121.487899485695
"2016-06-06 21:00:51","中国","成都市","中国%20成都市",30.6799428454196,104.067923463304
"2016-06-06 21:02:22","美国","波士顿","美国%20波士顿",40.6835116151438,122.261387331503
"2016-06-06 21:23:29","中国","上海市","中国%20上海市",31.2491617100151,121.487899485695
"2016-06-06 21:29:50","美国","加利福尼亚市","美国%20加利福尼亚市",36.3108638262682,120.416769701788
"2016-06-06 21:44:07","中国","北京市","中国%20北京市",39.9299857780802,116.395645037879
"2016-06-06 22:13:52","中国","上海市","中国%20上海市",31.2491617100151,121.487899485695
"2016-06-06 22:55:56","中国","佛山市","中国%20佛山市",23.0350948405144,113.134025635393
"2016-06-06 23:18:21","中国","南京市","中国%20南京市",32.0572355018059,118.778074408026
"2016-06-06 23:25:21","中国","上海市","中国%20上海市",31.2491617100151,121.487899485695
"2016-06-07 01:49:04","瑞典","斯德哥尔摩市","瑞典%20斯德哥尔摩市",27.8403772652904,113.162594176026
"2016-06-07 03:48:55","法国","巴黎市","法国%20巴黎市",32.9045251864152,115.83992612058
"2016-06-07 08:21:24","中国","长沙市","中国%20长沙市",28.2134782308532,112.97935278765
"2016-06-07 09:11:19","中国","北京市","中国%20北京市",39.9299857780802,116.395645037879
"2016-06-07 09:33:32","中国","兰州市","中国%20兰州市",36.0642255250426,103.823305440729
"2016-06-07 09:43:54","中国","西宁市","中国%20西宁市",36.640738611958,101.767920989803
"2016-06-07 12:23:25","中国","上海市","中国%20上海市",31.2491617100151,121.487899485695
"2016-06-07 12:50:10","中国","上海市","中国%20上海市",31.2491617100151,121.487899485695
"2016-06-07 12:51:01","中国","广州市","中国%20广州市",23.1200491020762,113.307649675152
"2016-06-07 13:48:34","美国","纽瓦克市","美国%20纽瓦克市",25.0358166213442,99.8320957550674
"2016-06-07 14:56:12","中国","上海市","中国%20上海市",31.2491617100151,121.487899485695
"2016-06-07 15:53:57","中国","武汉市","中国%20武汉市",30.5810841269208,114.316200102681
"2016-06-07 17:05:07","中国","北京市","中国%20北京市",39.9299857780802,116.395645037879
"2016-06-07 18:47:31","中国","北京市","中国%20北京市",39.9299857780802,116.395645037879
"2016-06-07 22:57:06","中国","广州市","中国%20广州市",23.1200491020762,113.307649675152
"2016-06-07 23:02:48","中国","广州市","中国%20广州市",23.1200491020762,113.307649675152
"2016-06-07 23:37:55","中国","西安市","中国%20西安市",34.2777998978306,108.953098279196
"2016-06-08 08:10:00","中国","北京市","中国%20北京市",39.9299857780802,116.395645037879
"2016-06-08 09:47:12","中国","杭州市","中国%20杭州市",30.2592444615361,120.21937541572
"2016-06-08 10:43:52","中国","北京市","中国%20北京市",39.9299857780802,116.395645037879
"2016-06-08 10:52:09","中国","深圳市","中国%20深圳市",22.5460535462052,114.025973657322
"2016-06-08 11:56:14","中国","南昌市","中国%20南昌市",28.6895780001411,115.893527545836
"2016-06-08 12:01:56","中国","北京市","中国%20北京市",39.9299857780802,116.395645037879
"2016-06-08 12:04:59","中国","北京市","中国%20北京市",39.9299857780802,116.395645037879
"2016-06-08 12:11:33","中国","杭州市","中国%20杭州市",30.2592444615361,120.21937541572
"2016-06-08 12:14:05","中国","北京市","中国%20北京市",39.9299857780802,116.395645037879
"2016-06-08 12:21:03","中国","北京市","中国%20北京市",39.9299857780802,116.395645037879
"2016-06-08 12:31:43","中国","武汉市","中国%20武汉市",30.5810841269208,114.316200102681
"2016-06-08 12:32:38","中国","北京市","中国%20北京市",39.9299857780802,116.395645037879
"2016-06-08 12:41:37","中国","北京市","中国%20北京市",39.9299857780802,116.395645037879
"2016-06-08 12:57:45","中国","长沙市","中国%20长沙市",28.2134782308532,112.97935278765
"2016-06-08 13:38:47","中国","北京市","中国%20北京市",39.9299857780802,116.395645037879
"2016-06-08 13:55:34","中国","广州市","中国%20广州市",23.1200491020762,113.307649675152
"2016-06-08 19:40:09","中国","深圳市","中国%20深圳市",22.5460535462052,114.025973657322
"2016-06-08 20:32:42","中国","北京市","中国%20北京市",39.9299857780802,116.395645037879
"2016-06-08 23:10:38","中国","北京市","中国%20北京市",39.9299857780802,116.395645037879
"2016-06-09 09:49:48","中国","沈阳市","中国%20沈阳市",41.8086447835157,123.432790921605
"2016-06-10 12:15:55","中国","北京市","中国%20北京市",39.9299857780802,116.395645037879
"2016-06-10 12:42:07","美国","旧金山湾区市","美国%20旧金山湾区市",25.062429969942,102.740433440831
"2016-06-11 11:45:40","中国","广州市","中国%20广州市",23.1200491020762,113.307649675152
"2016-06-11 15:33:28","中国","广州市","中国%20广州市",23.1200491020762,113.307649675152
"2016-06-11 18:07:49","中国","北京市","中国%20北京市",39.9299857780802,116.395645037879
"2016-06-12 09:24:50","美国","宾夕法尼亚州","美国%20宾夕法尼亚州",40.6835116151438,122.261387331503
"2016-06-12 11:22:45","中国","淮北市","中国%20淮北市",33.9600233053641,116.79144742863
"2016-06-12 12:04:14","美国","洛杉矶市","美国%20洛杉矶市",23.1349343536254,113.349938754478
"2016-06-12 12:55:09","中国","成都市","中国%20成都市",30.6799428454196,104.067923463304
"2016-06-12 13:41:03","中国","上海市","中国%20上海市",31.2491617100151,121.487899485695
"2016-06-12 15:18:29","中国","北京市","中国%20北京市",39.9299857780802,116.395645037879
"2016-06-12 16:27:03","中国","深圳市","中国%20深圳市",22.5460535462052,114.025973657322
"2016-06-12 23:05:24","中国","上海市","中国%20上海市",31.2491617100151,121.487899485695
"2016-06-13 06:40:18","中国","上海市","中国%20上海市",31.2491617100151,121.487899485695
"2016-06-13 06:42:17","中国","上海市","中国%20上海市",31.2491617100151,121.487899485695
"2016-06-13 07:21:02","中国","青岛市","中国%20青岛市",36.1052149012738,120.384428183682
"2016-06-13 07:57:37","中国","北京市","中国%20北京市",39.9299857780802,116.395645037879
"2016-06-13 08:02:24","中国","西安市","中国%20西安市",34.2777998978306,108.953098279196
"2016-06-13 08:03:06","中国","上海市","中国%20上海市",31.2491617100151,121.487899485695
"2016-06-13 09:45:12","中国","武汉市","中国%20武汉市",30.5810841269208,114.316200102681
"2016-06-13 11:09:21","中国","广州市","中国%20广州市",23.1200491020762,113.307649675152
"2016-06-13 11:55:14","东京","东京市","东京%20东京市",39.5106879577416,116.598434452517
"2016-06-13 16:16:29","中国","重庆市","中国%20重庆市",29.5446061088861,106.530635013413
"2016-06-14 07:12:51","中国","上海市","中国%20上海市",31.2491617100151,121.487899485695
"2016-06-14 09:28:38","中国","北京市","中国%20北京市",39.9299857780802,116.395645037879
"2016-06-14 14:16:19","中国","重庆市","中国%20重庆市",29.5446061088861,106.530635013413
"2016-06-14 17:16:26","中国","西宁市","中国%20西宁市",36.640738611958,101.767920989803
"2016-06-14 21:32:34","中国","重庆市","中国%20重庆市",29.5446061088861,106.530635013413
"2016-06-17 10:21:57","中国","深圳市","中国%20深圳市",22.5460535462052,114.025973657322
"2016-06-18 13:19:40","中国","广州市","中国%20广州市",23.1200491020762,113.307649675152
"2016-06-19 08:43:43","中国","济宁市","中国%20济宁市",35.4021216643313,116.600797624823
"2016-06-19 17:07:14","中国","蚌埠市","中国%20蚌埠市",32.929498906698,117.357079865876
"2016-06-20 09:12:30","中国","南京市","中国%20南京市",32.0572355018059,118.778074408026
"2016-06-20 09:44:01","中国","北京市","中国%20北京市",39.9299857780802,116.395645037879
"2016-06-20 11:41:17","中国","重庆市","中国%20重庆市",29.5446061088861,106.530635013413
"2016-06-20 13:14:06","中国","昆明市","中国%20昆明市",25.0491531004532,102.71460113878
"2016-06-20 21:57:43","中国","北京市","中国%20北京市",39.9299857780802,116.395645037879
"2016-06-21 11:18:08","中国","成都市","中国%20成都市",30.6799428454196,104.067923463304
"2016-06-22 09:25:58","中国","北京市","中国%20北京市",39.9299857780802,116.395645037879
"2016-06-22 16:02:21","中国","广州市","中国%20广州市",23.1200491020762,113.307649675152
"2016-06-22 17:58:29","美国","马里兰州","美国%20马里兰州",40.6835116151438,122.261387331503
"2016-06-22 21:59:33","美国","纽约市","美国%20纽约市",22.5536733159771,114.139447249982
"2016-06-24 08:49:51","中国","上海市","中国%20上海市",31.2491617100151,121.487899485695
"2016-06-24 11:25:04","中国","北京市","中国%20北京市",39.9299857780802,116.395645037879
"2016-06-24 11:52:41","中国","香港","中国%20香港",22.3029036401748,114.191116749848
"2016-06-24 12:30:16","中国","沈阳市","中国%20沈阳市",41.8086447835157,123.432790921605
"2016-06-25 14:44:58","中国","北京市","中国%20北京市",39.9299857780802,116.395645037879
"2016-06-26 07:41:44","中国","大连市","中国%20大连市",38.9487099383043,121.593477781435
"2016-06-26 08:36:29","中国","大连市","中国%20大连市",38.9487099383043,121.593477781435
"2016-06-26 13:57:52","中国","北京市","中国%20北京市",39.9299857780802,116.395645037879
"2016-06-26 15:04:40","中国","北京市","中国%20北京市",39.9299857780802,116.395645037879
"2016-06-26 19:01:06","中国","南昌市","中国%20南昌市",28.6895780001411,115.893527545836
"2016-06-26 19:14:16","中国","郑州","中国%20郑州",34.7566100641403,113.649643849864
"2016-06-27 00:00:00","中国","大连市","中国%20大连市",38.9487099383043,121.593477781435
"2016-06-27 09:57:33","中国","上海市","中国%20上海市",31.2491617100151,121.487899485695
"2016-06-27 10:57:51","中国","北京市","中国%20北京市",39.9299857780802,116.395645037879
"2016-06-27 11:49:53","中国","深圳市","中国%20深圳市",22.5460535462052,114.025973657322
"2016-06-27 14:31:05","美国","旧金山市","美国%20旧金山市",25.062429969942,102.740433440831
"2016-06-27 15:58:22","中国","北京市","中国%20北京市",39.9299857780802,116.395645037879
"2016-06-27 17:44:45","中国","厦门市","中国%20厦门市",24.4892306124692,118.103886045664
"2016-06-27 20:26:19","美国","华盛顿华盛顿哥伦比亚特区市","美国%20华盛顿华盛顿哥伦比亚特区市",36.7151304404513,119.098590586528
"2016-06-27 21:34:19","中国","北京市","中国%20北京市",39.9299857780802,116.395645037879
"2016-06-28 08:12:21","美国","A美国tin","美国%20A美国tin",40.6835116151438,122.261387331503
"2016-06-28 09:30:41","中国","洪湖市","中国%20洪湖市",29.996772000415,113.53891465228
"2016-06-28 10:20:46","美国","亚特兰大","美国%20亚特兰大",40.6835116151438,122.261387331503
"2016-06-28 11:16:08","中国","北京市","中国%20北京市",39.9299857780802,116.395645037879
"2016-06-28 22:23:58","中国","绵阳市","中国%20绵阳市",31.5047012580614,104.705518975293
"2016-06-29 07:59:56","中国","临沂市","中国%20临沂市",35.0724090743911,118.340768236611
"2016-07-01 13:24:19","美国","诺福克","美国%20诺福克",40.6835116151438,122.261387331503
"2016-07-02 11:29:29","澳大利亚","墨尔本市","澳大利亚%20墨尔本市",37.543317132551,121.418709086603
"2016-07-02 11:43:39","中国","淄博市","中国%20淄博市",36.804684854212,118.059134277869
"2016-07-02 13:02:15","中国","北京市","中国%20北京市",39.9299857780802,116.395645037879
"2016-07-03 08:24:54","中国","郑州市","中国%20郑州市",34.7566100641403,113.649643849864
"2016-07-03 10:22:15","中国","北京市","中国%20北京市",39.9299857780802,116.395645037879
"2016-07-03 12:51:35","中国","杭州市","中国%20杭州市",30.2592444615361,120.21937541572
"2016-07-03 14:00:58","意大利","嘉定市","意大利%20嘉定市",31.3643380554336,121.251013537556
"2016-07-03 20:48:02","中国","上海市","中国%20上海市",31.2491617100151,121.487899485695
"2016-07-04 00:25:41","中国","长沙市","中国%20长沙市",28.2134782308532,112.97935278765
"2016-07-05 22:13:02","中国","成都市","中国%20成都市",30.6799428454196,104.067923463304
"2016-07-07 08:18:38","中国","上海市","中国%20上海市",31.2491617100151,121.487899485695
"2016-07-09 08:13:52","中国","无锡市","中国%20无锡市",31.570037451923,120.305455900536
"2016-07-09 08:18:03","中国","天津","中国%20天津",39.1439299033101,117.210813091553
"2016-07-10 13:09:40","中国","淄博市","中国%20淄博市",36.804684854212,118.059134277869
"2016-07-10 21:08:04","中国","深圳市","中国%20深圳市",22.5460535462052,114.025973657322
"2016-07-13 16:42:46","美国","伊萨卡岛","美国%20伊萨卡岛",30.2961555595848,120.389777413333
"2016-07-13 16:59:44","中国","深圳市","中国%20深圳市",22.5460535462052,114.025973657322
"2016-07-15 18:44:00","美国","麦迪逊","美国%20麦迪逊",40.6835116151438,122.261387331503
"2016-07-16 09:37:21","中国","北京市","中国%20北京市",39.9299857780802,116.395645037879
"2016-07-17 21:22:47","中国","北京市","中国%20北京市",39.9299857780802,116.395645037879
"2016-07-18 08:56:27","丹麦","哥本哈根市","丹麦%20哥本哈根市",41.8903970719562,123.423228339078
"2016-07-18 13:33:09","中国","重庆市","中国%20重庆市",29.5446061088861,106.530635013413
"2016-07-18 14:52:50","中国","长沙市","中国%20长沙市",28.2134782308532,112.97935278765
"2016-07-19 09:31:12","中国","上海市","中国%20上海市",31.2491617100151,121.487899485695
"2016-07-21 23:24:50","中国","南宁市","中国%20南宁市",22.8064929356026,108.297233555866
"2016-07-22 12:06:26","中国","北京市","中国%20北京市",39.9299857780802,116.395645037879
"2016-07-23 15:08:43","中国","上海市","中国%20上海市",31.2491617100151,121.487899485695
"2016-07-24 10:35:47","中国","北京市","中国%20北京市",39.9299857780802,116.395645037879
"2016-07-24 11:14:19","中国","乌海市","中国%20乌海市",39.6831770067852,106.831999097162
"2016-07-24 17:38:45","中国","陕西市","中国%20陕西市",35.8600262613228,109.503789290725
"2016-07-24 20:53:53","中国","北京市","中国%20北京市",39.9299857780802,116.395645037879
"2016-07-25 07:50:44","中国","廊坊市","中国%20廊坊市",39.5186106250846,116.70360222264
"2016-07-25 09:18:41","中国","沈阳市","中国%20沈阳市",41.8086447835157,123.432790921605
"2016-07-25 11:10:54","中国","济南市","中国%20济南市",36.6827847271614,117.02496706629
"2016-07-26 08:18:00","美国","辛辛那提市","美国%20辛辛那提市",40.6835116151438,122.261387331503
"2016-07-26 09:07:47","中国","西安市","中国%20西安市",34.2777998978306,108.953098279196
"2016-07-26 09:40:55","中国","杭州市","中国%20杭州市",30.2592444615361,120.21937541572
"2016-07-26 10:06:17","中国","无锡市","中国%20无锡市",31.570037451923,120.305455900536
"2016-07-26 13:58:23","中国","成都市","中国%20成都市",30.6799428454196,104.067923463304
"2016-07-27 08:21:03","中国","重庆市","中国%20重庆市",29.5446061088861,106.530635013413
"2016-07-27 08:37:37","中国","兰州市","中国%20兰州市",36.0642255250426,103.823305440729
"2016-07-27 12:26:44","中国","沈阳市","中国%20沈阳市",41.8086447835157,123.432790921605
"2016-07-28 11:58:43","中国","郑州市","中国%20郑州市",34.7566100641403,113.649643849864
"2016-07-29 05:33:43","中国","泰安市","中国%20泰安市",36.1880777589481,117.089414917137
"2016-08-01 22:43:56","新加坡","新加坡市","新加坡%20新加坡市",26.2583235319023,105.961714302087
"2016-08-02 07:11:07","中国","太原市","中国%20太原市",37.8902770539675,112.550863589055
"2016-08-02 13:09:22","中国","广州市","中国%20广州市",23.1200491020762,113.307649675152
"2016-08-03 11:55:58","美国","圣荷塞市","美国%20圣荷塞市",40.6835116151438,122.261387331503
"2016-08-03 11:56:00","中国","重庆市","中国%20重庆市",29.5446061088861,106.530635013413
"2016-08-03 16:33:21","中国","上海市","中国%20上海市",31.2491617100151,121.487899485695
"2016-08-04 12:18:38","中国","北京市","中国%20北京市",39.9299857780802,116.395645037879
"2016-08-04 20:53:39","美国","新泽西","美国%20新泽西",40.6835116151438,122.261387331503
"2016-08-04 21:27:06","中国","北京市","中国%20北京市",39.9299857780802,116.395645037879
"2016-08-05 07:11:47","美国","纽约市","美国%20纽约市",22.5536733159771,114.139447249982
"2016-08-05 12:45:39","中国","厦门市","中国%20厦门市",24.4892306124692,118.103886045664
"2016-08-05 16:41:32","中国","北京市","中国%20北京市",39.9299857780802,116.395645037879
"2016-08-07 15:39:04","中国","北京市","中国%20北京市",39.9299857780802,116.395645037879
"2016-08-08 11:06:55","中国","上海市","中国%20上海市",31.2491617100151,121.487899485695
"2016-08-08 13:30:16","中国","北京市","中国%20北京市",39.9299857780802,116.395645037879
"2016-08-08 21:05:32","中国","上海市","中国%20上海市",31.2491617100151,121.487899485695
"2016-08-08 21:46:58","美国","爱荷华州","美国%20爱荷华州",40.6835116151438,122.261387331503
"2016-08-09 09:42:25","中国","西安市","中国%20西安市",34.2777998978306,108.953098279196
"2016-08-09 11:44:15","中国","香港市","中国%20香港市",22.2935859932797,114.186124102571
"2016-08-09 13:28:32","中国","香港市","中国%20香港市",22.2935859932797,114.186124102571
"2016-08-09 15:17:48","中国","武汉市","中国%20武汉市",30.5810841269208,114.316200102681
"2016-08-10 14:59:01","中国","苏州市","中国%20苏州市",31.3179873679524,120.61990711549
"2016-08-10 16:52:50","中国","重庆市","中国%20重庆市",29.5446061088861,106.530635013413
"2016-08-11 10:05:57","中国","南京市","中国%20南京市",32.0572355018059,118.778074408026
"2016-08-11 10:06:03","中国","南京市","中国%20南京市",32.0572355018059,118.778074408026
"2016-08-11 12:38:34","中国","武汉市","中国%20武汉市",30.5810841269208,114.316200102681
"2016-08-12 10:49:48","中国","北京市","中国%20北京市",39.9299857780802,116.395645037879
"2016-08-14 10:50:41","中国","哈尔滨市","中国%20哈尔滨市",45.7732246332393,126.657716855446
"2016-08-17 08:16:22","中国","武汉市","中国%20武汉市",30.5810841269208,114.316200102681
"2016-08-17 08:47:14","中国","成都市","中国%20成都市",30.6799428454196,104.067923463304
"2016-08-18 01:52:35","美国","波士顿","美国%20波士顿",40.6835116151438,122.261387331503
"2016-08-18 15:03:50","中国","上海市","中国%20上海市",31.2491617100151,121.487899485695
"2016-08-19 19:09:07","中国","杭州市","中国%20杭州市",30.2592444615361,120.21937541572
"2016-08-20 06:34:40","中国","巴彦淖尔市","中国%20巴彦淖尔市",40.7691799024291,107.42380671968
"2016-08-22 00:09:38","美国","布鲁克林","美国%20布鲁克林",40.6835116151438,122.261387331503
"2016-08-22 10:20:00","中国","沈阳市","中国%20沈阳市",41.8086447835157,123.432790921605
"2016-08-22 10:37:23","中国","深圳市","中国%20深圳市",22.5460535462052,114.025973657322
"2016-08-23 07:08:37","中国","广州市","中国%20广州市",23.1200491020762,113.307649675152
"2016-08-23 09:28:13","中国","广州市","中国%20广州市",23.1200491020762,113.307649675152
"2016-08-24 07:04:21","美国","芝加哥","美国%20芝加哥",40.6835116151438,122.261387331503
"2016-08-24 07:42:17","中国","北京市","中国%20北京市",39.9299857780802,116.395645037879
"2016-08-26 09:30:13","中国","北京市","中国%20北京市",39.9299857780802,116.395645037879
"2016-08-29 10:43:22","中国","北京市","中国%20北京市",39.9299857780802,116.395645037879
"2016-08-29 11:29:19","中国","武汉市","中国%20武汉市",30.5810841269208,114.316200102681
"2016-08-29 11:43:56","中国","广州市","中国%20广州市",23.1200491020762,113.307649675152
"2016-08-29 12:34:38","中国","北京市","中国%20北京市",39.9299857780802,116.395645037879
"2016-08-29 12:34:53","美国","波士顿","美国%20波士顿",40.6835116151438,122.261387331503
"2016-08-30 11:11:33","中国","北京市","中国%20北京市",39.9299857780802,116.395645037879
"2016-08-31 00:20:49","中国","上海市","中国%20上海市",31.2491617100151,121.487899485695
"2016-09-01 09:06:26","英国","利物浦市","英国%20利物浦市",29.6032529134964,106.531497836753
"2016-09-01 10:03:21","中国","金华市","中国%20金华市",29.1028991053907,119.652575703681
"2016-09-02 13:54:06","中国","上海市","中国%20上海市",31.2491617100151,121.487899485695
"2016-09-03 16:48:29","中国","北京市","中国%20北京市",39.9299857780802,116.395645037879
"2016-09-03 21:31:20","中国","深圳市","中国%20深圳市",22.5460535462052,114.025973657322
"2016-09-04 12:36:45","中国","北京市","中国%20北京市",39.9299857780802,116.395645037879
"2016-09-04 13:22:07","中国","武汉市","中国%20武汉市",30.5810841269208,114.316200102681
"2016-09-04 23:34:44","中国","大连市","中国%20大连市",38.9487099383043,121.593477781435
"2016-09-06 10:32:36","中国","上饶市","中国%20上饶市",28.4576225539373,117.955463877149
"2016-09-06 11:25:10","中国","上海市","中国%20上海市",31.2491617100151,121.487899485695
"2016-09-06 12:46:37","中国","信阳市","中国%20信阳市",32.1285823075117,114.08549099347
"2016-09-07 15:14:34","中国","香港","中国%20香港",22.3029036401748,114.191116749848
"2016-09-07 15:49:34","中国","北京市","中国%20北京市",39.9299857780802,116.395645037879
"2016-09-08 08:39:44","美国","雅典","美国%20雅典",40.6835116151438,122.261387331503
"2016-09-08 17:15:11","美国","圣何塞","美国%20圣何塞",40.6835116151438,122.261387331503
"2016-09-08 17:48:29","中国","上海市","中国%20上海市",31.2491617100151,121.487899485695
"2016-09-08 22:48:42","中国","成都市","中国%20成都市",30.6799428454196,104.067923463304
"2016-09-08 23:27:19","中国","成都市","中国%20成都市",30.6799428454196,104.067923463304
"2016-09-09 16:14:36","中国","北京市","中国%20北京市",39.9299857780802,116.395645037879
"2016-09-11 08:43:18","中国","济宁市","中国%20济宁市",35.4021216643313,116.600797624823
"2016-09-11 21:01:07","中国","大连市","中国%20大连市",38.9487099383043,121.593477781435
"2016-09-14 07:44:01","中国","北京市","中国%20北京市",39.9299857780802,116.395645037879
"2016-09-14 08:18:53","中国","北京市","中国%20北京市",39.9299857780802,116.395645037879
"2016-09-14 09:58:19","中国","厦门市","中国%20厦门市",24.4892306124692,118.103886045664
"2016-09-16 10:58:53","中国","南京市","中国%20南京市",32.0572355018059,118.778074408026
"2016-09-17 11:32:26","中国","武汉市","中国%20武汉市",30.5810841269208,114.316200102681
"2016-09-19 07:18:58","中国","北京市","中国%20北京市",39.9299857780802,116.395645037879
"2016-09-19 09:12:04","中国","北京市","中国%20北京市",39.9299857780802,116.395645037879
"2016-09-19 10:55:02","中国","西安市","中国%20西安市",34.2777998978306,108.953098279196
"2016-09-20 09:35:32","中国","上海市","中国%20上海市",31.2491617100151,121.487899485695
"2016-09-20 19:18:34","中国","兰州市","中国%20兰州市",36.0642255250426,103.823305440729
"2016-09-21 08:32:13","中国","上海市","中国%20上海市",31.2491617100151,121.487899485695
"2016-09-21 15:01:34","中国","上海市","中国%20上海市",31.2491617100151,121.487899485695
"2016-09-22 00:44:46","中国","成都市","中国%20成都市",30.6799428454196,104.067923463304
"2016-09-22 20:56:47","中国","广州市","中国%20广州市",23.1200491020762,113.307649675152
"2016-09-23 20:24:13","中国","北京市","中国%20北京市",39.9299857780802,116.395645037879
"2016-09-24 08:34:34","中国","武汉市","中国%20武汉市",30.5810841269208,114.316200102681
"2016-09-26 08:42:14","中国","杭州市","中国%20杭州市",30.2592444615361,120.21937541572
"2016-09-27 09:21:14","美国","洛杉矶","美国%20洛杉矶",40.6835116151438,122.261387331503
"2016-09-27 16:18:21","中国","上海","中国%20上海",31.2491617100151,121.487899485695
"2016-09-30 07:40:20","中国","上海市","中国%20上海市",31.2491617100151,121.487899485695
"2016-10-03 16:01:37","中国","南京市","中国%20南京市",32.0572355018059,118.778074408026
"2016-10-06 11:54:24","美国","芝加哥","美国%20芝加哥",40.6835116151438,122.261387331503
"2016-10-06 12:50:58","中国","上海市","中国%20上海市",31.2491617100151,121.487899485695
"2016-10-07 10:52:22","中国","苏州市","中国%20苏州市",31.3179873679524,120.61990711549
"2016-10-08 15:00:24","中国","上海市","中国%20上海市",31.2491617100151,121.487899485695
"2016-10-09 10:48:24","中国","北京市","中国%20北京市",39.9299857780802,116.395645037879
"2016-10-10 08:07:49","中国","天津市","中国%20天津市",39.1439299033101,117.210813091553
"2016-10-10 08:36:40","中国","广州市","中国%20广州市",23.1200491020762,113.307649675152
"2016-10-11 07:47:25","美国","凤凰城市","美国%20凤凰城市",22.8057869926584,108.465543040568
"2016-10-11 09:41:55","中国","北京市","中国%20北京市",39.9299857780802,116.395645037879
"2016-10-11 11:37:48","中国","天津市","中国%20天津市",39.1439299033101,117.210813091553
"2016-10-11 11:57:38","中国","北京市","中国%20北京市",39.9299857780802,116.395645037879
"2016-10-12 13:08:29","中国","上海","中国%20上海",31.2491617100151,121.487899485695
"2016-10-12 15:53:05","中国","上海","中国%20上海",31.2491617100151,121.487899485695
"2016-10-13 05:53:36","澳大利亚","悉尼市","澳大利亚%20悉尼市",37.543317132551,121.418709086603
"2016-10-13 12:57:49","中国","北京市","中国%20北京市",39.9299857780802,116.395645037879
"2016-10-14 10:11:10","中国","金华市","中国%20金华市",29.1028991053907,119.652575703681
"2016-10-14 10:57:49","中国","上海","中国%20上海",31.2491617100151,121.487899485695
"2016-10-15 11:50:50","中国","上海市","中国%20上海市",31.2491617100151,121.487899485695
"2016-10-17 19:39:57","中国","广州市","中国%20广州市",23.1200491020762,113.307649675152
"2016-10-18 12:30:20","美国","纽瓦克市","美国%20纽瓦克市",25.0358166213442,99.8320957550674
"2016-10-18 19:24:41","中国","北京市","中国%20北京市",39.9299857780802,116.395645037879
"2016-10-19 17:17:59","中国","成都市","中国%20成都市",30.6799428454196,104.067923463304
"2016-10-19 18:09:04","中国","西安市","中国%20西安市",34.2777998978306,108.953098279196
"2016-10-20 13:30:29","中国","成都市","中国%20成都市",30.6799428454196,104.067923463304
"2016-10-20 21:05:24","美国","纽约市","美国%20纽约市",22.5536733159771,114.139447249982
"2016-10-20 22:09:48","中国","杭州市","中国%20杭州市",30.2592444615361,120.21937541572
"2016-10-21 01:54:29","中国","西安市","中国%20西安市",34.2777998978306,108.953098279196
"2016-10-21 09:31:15","中国","济南市","中国%20济南市",36.6827847271614,117.02496706629
"2016-10-21 12:31:40","中国","上海市","中国%20上海市",31.2491617100151,121.487899485695
"2016-10-22 16:05:59","美国","西雅图市","美国%20西雅图市",34.6523217897603,109.217957460505
"2016-10-25 01:36:33","中国","杭州市","中国%20杭州市",30.2592444615361,120.21937541572
"2016-10-25 11:00:35","中国","北京市","中国%20北京市",39.9299857780802,116.395645037879
"2016-10-26 08:07:50","中国","北京市","中国%20北京市",39.9299857780802,116.395645037879
"2016-10-26 13:01:03","中国","南宁市","中国%20南宁市",22.8064929356026,108.297233555866
"2016-10-26 20:01:55","中国","上海市","中国%20上海市",31.2491617100151,121.487899485695
"2016-10-28 10:30:28","中国","南昌市","中国%20南昌市",28.6895780001411,115.893527545836
"2016-10-29 11:26:32","美国","洛杉矶","美国%20洛杉矶",40.6835116151438,122.261387331503
"2016-10-29 15:52:22","中国","上海市","中国%20上海市",31.2491617100151,121.487899485695
"2016-10-29 23:37:06","中国","成都市","中国%20成都市",30.6799428454196,104.067923463304
"2016-10-30 15:43:59","中国","北京市","中国%20北京市",39.9299857780802,116.395645037879
"2016-10-30 15:56:51","中国","长沙市","中国%20长沙市",28.2134782308532,112.97935278765
"2016-11-02 10:09:36","中国","北京市","中国%20北京市",39.9299857780802,116.395645037879
"2016-11-02 10:59:31","中国","武汉市","中国%20武汉市",30.5810841269208,114.316200102681
"2016-11-03 11:34:34","中国","保定市","中国%20保定市",38.8865645480274,115.494810169076
"2016-11-04 08:16:02","中国","漳州市","中国%20漳州市",24.5170647798085,117.676204678946
"2016-11-04 08:45:36","加拿大","蒙特利尔市","加拿大%20蒙特利尔市",35.3141918929946,113.859651619988
"2016-11-04 08:49:32","中国","贺州市","中国%20贺州市",24.4110535471128,111.552594178837
"2016-11-04 16:16:57","中国","漳州市","中国%20漳州市",24.5170647798085,117.676204678946
"2016-11-04 21:34:49","中国","北京市","中国%20北京市",39.9299857780802,116.395645037879
"2016-11-07 08:34:47","加拿大","多伦多市","加拿大%20多伦多市",34.5977406960455,119.186961516835
"2016-11-07 10:03:49","中国","上海市","中国%20上海市",31.2491617100151,121.487899485695
"2016-11-07 11:01:40","美国","科伦布","美国%20科伦布",40.6835116151438,122.261387331503
"2016-11-07 14:19:11","中国","哈尔滨市","中国%20哈尔滨市",45.7732246332393,126.657716855446
"2016-11-07 16:08:57","中国","上海市","中国%20上海市",31.2491617100151,121.487899485695
"2016-11-07 18:33:51","中国","西安市","中国%20西安市",34.2777998978306,108.953098279196
"2016-11-07 22:56:31","中国","北京市","中国%20北京市",39.9299857780802,116.395645037879
"2016-11-08 07:57:44","中国","桂林市","中国%20桂林市",25.2629012459552,110.260920147483
"2016-11-08 13:39:08","中国","北京市","中国%20北京市",39.9299857780802,116.395645037879
"2016-11-10 11:17:49","中国","上海市","中国%20上海市",31.2491617100151,121.487899485695
"2016-11-11 09:32:06","中国","上海市","中国%20上海市",31.2491617100151,121.487899485695
"2016-11-11 19:14:19","中国","香港市","中国%20香港市",22.2935859932797,114.186124102571
"2016-11-12 11:06:39","中国","上海市","中国%20上海市",31.2491617100151,121.487899485695
"2016-11-13 00:45:36","中国","乌海市","中国%20乌海市",39.6831770067852,106.831999097162
"2016-11-13 20:59:53","中国","北京市","中国%20北京市",39.9299857780802,116.395645037879
"2016-11-16 06:06:43","美国","纽约市","美国%20纽约市",22.5536733159771,114.139447249982
"2016-11-16 14:33:05","中国","天津市","中国%20天津市",39.1439299033101,117.210813091553
"2016-11-17 10:00:40","中国","武汉市","中国%20武汉市",30.5810841269208,114.316200102681
"2016-11-21 09:45:46","中国","武汉市","中国%20武汉市",30.5810841269208,114.316200102681
"2016-11-22 13:03:29","中国","上海市","中国%20上海市",31.2491617100151,121.487899485695
"2016-11-22 17:32:34","中国","北京市","中国%20北京市",39.9299857780802,116.395645037879
"2016-11-22 22:28:09","中国","西安市","中国%20西安市",34.2777998978306,108.953098279196
"2016-11-23 08:17:38","中国","珠海市","中国%20珠海市",22.2569146461257,113.56244702619
"2016-11-23 16:09:25","瑞典","斯德哥尔摩，哥德堡市","瑞典%20斯德哥尔摩，哥德堡市",22.0548859529189,113.357751227665
